{
    "loss": 1.5651719570159912,
    "accuracy": 0.8158996105194092
}